{
  "$schema": "https://schema.management.azure.com/schemas/2019-04-01/deploymentTemplate.json#",
  "contentVersion": "1.0.0.0",
  "parameters": {
    "location": {
      "type": "string",
      "defaultValue": "westus",
      "metadata": {
        "description": "Location for all resources."
            }
        }
  },
    "variables": {
        "resourcegroup": "Testingresourcegroup",
        "networkSecurityGroupName": "NSG-FAB-ANC-FABNET-PRD-001",
        "virtualNetworkName": "VNET-FAB-CSP-PRD-ANC-001",
        "asgName": "BLOCK_ALL",
        "asgId": "[resourceId('Microsoft.Network/ApplicationSecurityGroups',variables('asgName'))]",
        "asgName2": "INTERNET_ACCESS",
        "asgId2": "[resourceId('Microsoft.Network/ApplicationSecurityGroups',variables('asgName2'))]",
        "asgName3": "ISV",
        "asgId3": "[resourceId('Microsoft.Network/ApplicationSecurityGroups',variables('asgName3'))]",
        "asgName4": "CDT",
        "asgId4": "[resourceId('Microsoft.Network/ApplicationSecurityGroups',variables('asgName4'))]",
        "asgName5": "DFS",
        "asgId5": "[resourceId('Microsoft.Network/ApplicationSecurityGroups',variables('asgName5'))]",
        "asgName6": "DMZ",
        "asgId6": "[resourceId('Microsoft.Network/ApplicationSecurityGroups',variables('asgName6'))]"
    },
  "resources": [
        {
        "comments": "Application Security Group",
        "name": "ISV",
        "type": "Microsoft.Network/applicationSecurityGroups",
        "apiVersion": "2020-05-01",
        "location": "[parameters('location')]",
        "properties": {}
        },
        {
        "comments": "Application Security Group",
        "name": "CDT",
        "type": "Microsoft.Network/applicationSecurityGroups",
        "apiVersion": "2020-05-01",
        "location": "[parameters('location')]",
        "properties": {}
        },
        {
        "comments": "Application Security Group",
        "name": "DMZ",
        "type": "Microsoft.Network/applicationSecurityGroups",
        "apiVersion": "2020-05-01",
        "location": "[parameters('location')]",
        "Properties": {}
        },
        {
        "comments": "Application Security Group",
        "name": "DFS",
        "type": "Microsoft.Network/applicationSecurityGroups",
        "apiVersion": "2020-05-01",
        "location": "[parameters('location')]",
        "properties": {}
        },
        {
        "comments": "Application Security Groupp",
        "name": "BLOCK_ALL",
        "type": "Microsoft.Network/applicationSecurityGroups",
        "apiVersion": "2020-05-01",
        "location": "[parameters('location')]",
        "properties": {}
        },
        {
        "comments": "Application Security Groupp",
        "name": "INTERNET_ACCESS",
        "type": "Microsoft.Network/applicationSecurityGroups",
        "apiVersion": "2020-05-01",
        "location": "[parameters('location')]",
        "properties": {}
        },
        {
        "apiVersion": "2020-05-01",
        "type": "Microsoft.Network/networkSecurityGroups",
        "name": "[variables('networkSecurityGroupName')]",
        "location": "[parameters('location')]",
        "properties": {
            "securityRules": [
                { 
                "name": "Allow_Inbound_MNG_VPNS",
                "properties": {
                    "description": "Allow_Inbound_MNG_VPNS",
                    "protocol": "*",
                    "sourcePortRange": "*",
                    "destinationPortRange": "*",
                    "sourceAddressPrefixes": [
                        "172.16.4.0/24",
                        "10.96.254.0/24",
                        "10.95.0.0/22",
                        "10.159.208.0/22",
                        "10.127.4.0/22",
                        "172.16.64.0/24",
                        "172.16.49.0/24",
                        "172.16.57.0/24"
                    ],
                    "destinationAddressPrefix": "*",
                    "access": "Allow",
                    "priority": 200,
                    "direction": "Inbound"
                    }
                },
                {
                "name": "Allow_Inbound_SCCM",
                "properties": {
                    "description": "Allow_Inbound_SCCM",
                    "protocol": "*",
                    "sourcePortRange": "*",
                    "destinationPortRange": "*",
                        "sourceAddressPrefixes": [
                            "10.10.5.0/24",
                            "10.81.13.0/24",
                            "10.145.5.0/24",
                            "10.113.5.0/24"
                        ],
                    "destinationAddressPrefix": "*",
                    "access": "Allow",
                    "priority": 210,
                    "direction": "Inbound"
                    }   
                },
                {
                "name": "Allow_Inbound_SCOM",
                "properties": {
                    "description": "Allow_Inbound_SCOM",
                    "protocol": "*",
                    "sourcePortRange": "*",
                    "destinationPortRange": "*",
                        "sourceAddressPrefixes": [
                            "10.16.1.69/32",
                            "10.16.1.72/32",
                            "10.16.1.24/32",
                            "10.16.1.140/32",
                            "10.16.1.160/32"
                        ],
                    "destinationAddressPrefix": "*",
                    "access": "Allow",
                    "priority": 220,
                    "direction": "Inbound"
                    }   
                },
                {
                "name": "Allow_Inbound_BB",
                "properties": {
                    "description": "Allow_Inbound_BB",
                    "protocol": "*",
                    "sourcePortRange": "*",
                    "destinationPortRange": "*",
                        "sourceAddressPrefixes": [
                            "10.10.1.54/32",
                            "10.64.48.12/32",
                            "10.144.1.13/32",
                            "10.112.4.14/32"
                        ],
                    "destinationAddressPrefix": "*",
                    "access": "Allow",
                    "priority": 230,
                    "direction": "Inbound"
                    }   
                },
                {
                "name": "Allow_awesccprd01_5985_T",
                "properties": {
                    "description": "Allow_awesccprd01_5985_T",
                    "protocol": "Tcp",
                    "sourcePortRange": "*",
                    "destinationPortRange": "5985",
                    "sourceAddressPrefixes": [
                        "10.129.24.6/32",
                        "10.129.148.5/32"],
                    "destinationAddressPrefix": "*",
                    "access": "Allow",
                    "priority": 250,
                    "direction": "Inbound"
                    }
                },
                {
                "name": "Allow_SCCM_Site_Server",
                "properties": {
                    "description": "Allow_SCCM_Site_Server",
                    "protocol": "Tcp",
                    "sourcePortRange": "*",
                    "destinationPortRange": "5985",
                    "sourceAddressPrefix": 
                        "10.129.148.68/32",
                    "destinationAddressPrefix": "*",
                    "access": "Allow",
                    "priority": 270,
                    "direction": "Inbound"
                    }
                },
                {
                "name": "Allow_AD_SCC_AE2_TCP",
                "properties": {
                    "description": "Allow_AD_SCC_AE2_TCP",
                    "protocol": "Tcp",
                    "sourcePortRange": "*",
                    "sourceAddressPrefixes": [
                        "10.129.148.132/32","10.129.148.133/32"],
                    "destinationAddressPrefix": "*",
                    "destinationPortRanges": [
                        "53",
                        "88",
                        "135",
                        "389",
                        "445",
                        "464",
                        "636",
                        "3268-3269",
                        "49152-65535"
                    ],
                    "access": "Allow",
                    "priority": 281,
                    "direction": "Inbound"
                    }
                },
                {
                "name": "Allow_AD_SCC_AE2_UDP",
                "properties": {
                    "description": "Allow_AD_SCC_AE2_UDP",
                    "protocol": "Udp",
                    "sourcePortRange": "*",
                    "destinationAddressPrefix": "*",
                    "destinationPortRanges": [
                        "53",
                        "88",
                        "123",
                        "389",
                        "445",
                        "464"
                    ],
                    "sourceAddressPrefixes": [
                        "10.129.148.132/32","10.129.148.133/32"],
                    "access": "Allow",
                    "priority": 291,
                    "direction": "Inbound"
                    }
                },
                {
                "name": "Deny_Inbound_BLOCK_ALL",
                "properties": {
                    "description": "Deny_ALL_BLOCK_ALL",
                    "protocol": "*",
                    "sourcePortRange": "*",
                    "destinationPortRange": "*",
                    "sourceAddressPrefix": "*",
                    "access": "Deny",
                    "priority": 500,
                    "direction": "Inbound",
                     "destinationApplicationSecurityGroups": [
                        {
                        "id": "[variables('asgId')]"
                        }
                     ],
                    "sourceApplicationSecurityGroups": ""
                    }
                },
                {
                "name": "Allow_Inbound_INTERNET_ACCESS",
                "properties": {
                    "description": "Allow_Inbound_INTERNET_ACCESS",
                    "protocol": "Tcp",
                    "sourcePortRange": "*",
                    "destinationPortRanges": [
                        "80",
                        "443"
                    ],
                    "sourceAddressPrefix": "Internet",
                    "access": "Allow",
                    "priority": 510,
                    "direction": "Inbound",
                     "destinationApplicationSecurityGroups": [
                        {
                        "id": "[variables('asgId2')]"
                        }
                     ],
                    "sourceApplicationSecurityGroups": ""
                    }
                },
                {
                "name": "Allow_Internet_to_DMZ_TCP",
                "properties": {
                    "description": "Allow_Internet_to_DMZ_TCP",
                    "protocol": "Tcp",
                    "sourcePortRange": "*",
                    "destinationPortRanges": [
                        "80",
                        "443"
                    ],
                    "sourceAddressPrefix": "Internet",
                    "access": "Allow",
                    "priority": 900,
                    "direction": "Inbound",
                     "destinationApplicationSecurityGroups": [
                        {
                        "id": "[variables('asgId6')]"
                        }
                     ],
                    "sourceApplicationSecurityGroups": ""
                    }
                },
                {
                "name": "Allow_Cortex_to_DFS_TCP",
                "properties": {
                    "description": "Allow_Cortex_to_DFS_TCP",
                    "protocol": "Tcp",
                    "sourcePortRange": "*",
                    "destinationPortRanges": [
                        "135",
                        "445",
                        "5985-5986",
                        "7045-7500"
                    ],
                    "sourceAddressPrefixes": [
                        "10.16.1.65/32",
                        "10.16.1.12/32",
                        "10.129.17.4/32",
                        "10.129.24.0/26",
                        "10.128.4.192/27",
                        "10.129.100.192/27",
                        "10.129.148.192/27",
                        "10.129.116.160/27",
                        "10.129.108.192/27",
                        "10.129.196.128/27",
                        "10.129.212.64/28",
                        "10.129.52.128/27"
                        ],
                    "access": "Allow",
                    "priority": 1003,
                    "direction": "Inbound",
                     "destinationApplicationSecurityGroups": [
                        {
                        "id": "[variables('asgId5')]"
                        }
                     ],
                    "sourceApplicationSecurityGroups": ""
                    }
                },
                {
                "name": "Allow_DPM_to_DFS_TCP",
                "properties": {
                    "description": "Allow_DPM_to_DFS_TCP",
                    "protocol": "Tcp",
                    "sourcePortRange": "*",
                    "destinationPortRanges": [
                        "88",
                        "135",
                        "445",
                        "1024-65535"
                    ],
                    "sourceAddressPrefix": "10.129.24.192/27",
                    "access": "Allow",
                    "priority": 1004,
                    "direction": "Inbound",
                     "destinationApplicationSecurityGroups": [
                        {
                        "id": "[variables('asgId5')]"
                        }
                     ],
                    "sourceApplicationSecurityGroups": ""
                    }
                },
                {
                "name": "Allow_DPM_to_DFS_UDP",
                "properties": {
                    "description": "Allow_DPM_to_DFS_UDP",
                    "protocol": "Udp",
                    "sourcePortRange": "*",
                    "destinationPortRanges": [
                        "88",
                        "135",
                        "139"
                    ],
                    "sourceAddressPrefix": "10.129.24.192/27",
                    "access": "Allow",
                    "priority": 1005,
                    "direction": "Inbound",
                     "destinationApplicationSecurityGroups": [
                        {
                        "id": "[variables('asgId5')]"
                        }
                     ],
                    "sourceApplicationSecurityGroups": ""
                    }
                },
                {
                "name": "Allow_EP_to_DFS_TCP",
                "properties": {
                    "description": "Allow_EP_to_DFS_TCP",
                    "protocol": "Tcp",
                    "sourcePortRange": "*",
                    "destinationPortRanges": [
                        "88",
                        "139"
                    ],
                    "sourceAddressPrefix": "",
                    "access": "Allow",
                    "priority": 1006,
                    "direction": "Inbound",
                     "destinationApplicationSecurityGroups": [
                        {
                        "id": "[variables('asgId5')]"
                        }
                     ],
                    "sourceApplicationSecurityGroups": [
                        {
                        "id": "[variables('asgId6')]"
                        }
                     ]
                    }
                },
                {
                "name": "Allow_Cortex_to_CDT_TCP",
                "properties": {
                    "description": "Allow_Cortex_to_CDT_TCP",
                    "protocol": "Tcp",
                    "sourcePortRange": "*",
                    "destinationPortRanges": [
                        "135",
                        "445",
                        "5985-5986",
                        "7045-7500"
                    ],
                    "sourceAddressPrefixes": [
                        "10.16.1.65/32",
                        "10.16.1.12/32",
                        "10.129.17.4/32",
                        "10.129.24.0/26",
                        "10.128.4.192/27",
                        "10.129.100.192/27",
                        "10.129.148.192/27",
                        "10.129.116.160/27",
                        "10.129.108.192/27",
                        "10.129.196.128/27",
                        "10.129.212.64/28",
                        "10.129.52.128/27"
                        ],
                    "access": "Allow",
                    "priority": 1104,
                    "direction": "Inbound",
                     "destinationApplicationSecurityGroups": [
                        {
                        "id": "[variables('asgId4')]"
                        }
                     ],
                    "sourceApplicationSecurityGroups": ""
                    }
                },
                {
                "name": "Allow_DPM_to_CDT_TCP",
                "properties": {
                    "description": "Allow_DPM_to_CDT_TCP",
                    "protocol": "Tcp",
                    "sourcePortRange": "*",
                    "destinationPortRanges": [
                        "88",
                        "135",
                        "445",
                        "1024-65535"
                    ],
                    "sourceAddressPrefix": "10.129.24.192/27",
                    "access": "Allow",
                    "priority": 1105,
                    "direction": "Inbound",
                     "destinationApplicationSecurityGroups": [
                        {
                        "id": "[variables('asgId4')]"
                        }
                     ],
                    "sourceApplicationSecurityGroups": ""
                    }
                },
                {
                "name": "Allow_DPM_to_CDT_UDP",
                "properties": {
                    "description": "Allow_DPM_to_CDT_UDP",
                    "protocol": "Udp",
                    "sourcePortRange": "*",
                    "destinationPortRanges": [
                        "88",
                        "135",
                        "139"
                    ],
                    "sourceAddressPrefix": "10.129.24.192/27",
                    "access": "Allow",
                    "priority": 1106,
                    "direction": "Inbound",
                     "destinationApplicationSecurityGroups": [
                        {
                        "id": "[variables('asgId4')]"
                        }
                     ],
                    "sourceApplicationSecurityGroups": ""
                    }
                },
                 {
                "name": "Allow_EP_to_CDT_TCP",
                "properties": {
                    "description": "Allow_EP_to_CDT_TCP",
                    "protocol": "Tcp",
                    "sourcePortRange": "*",
                    "destinationPortRanges": [
                        "88",
                        "139"
                    ],
                    "sourceAddressPrefix": "",
                    "access": "Allow",
                    "priority": 1107,
                    "direction": "Inbound",
                     "destinationApplicationSecurityGroups": [
                        {
                        "id": "[variables('asgId4')]"
                        }
                     ],
                    "sourceApplicationSecurityGroups": [
                        {
                        "id": "[variables('asgId6')]"
                        }
                     ]
                    }
                },
                {
                "name": "Allow_ISV_to_CDT_TCP",
                "properties": {
                    "description": "Allow_ISV_to_CDT_TCP",
                    "protocol": "Tcp",
                    "sourcePortRange": "*",
                    "destinationPortRanges": [
                        "8001-8002"
                    ],
                    "sourceAddressPrefix": "",
                    "access": "Allow",
                    "priority": 1108,
                    "direction": "Inbound",
                     "destinationApplicationSecurityGroups": [
                        {
                        "id": "[variables('asgId4')]"
                        }
                     ],
                    "sourceApplicationSecurityGroups": [
                        {
                        "id": "[variables('asgId3')]"
                        }
                     ]
                    }
                },
                 {
                "name": "AllowGateway",
                "properties": {
                    "description": "AllowGateway",
                    "protocol": "*",
                    "sourcePortRange": "*",
                    "destinationPortRanges": [
                        "80",
                        "443"
                    ],
                    "sourceAddressPrefix": "10.160.192.128/28",
                    "destinationAddressPrefix": "*",
                    "access": "Allow",
                    "priority": 1120,
                    "direction": "Inbound",
                    "destinationApplicationSecurityGroups": "",
                    "sourceApplicationSecurityGroups": ""
                    }
                },                
                {
                "name": "Allow_Subnet_to_DFS_TCP",
                "properties": {
                    "description": "Allow_Subnet_to_DFS_TCP",
                    "protocol": "Tcp",
                    "sourcePortRange": "*",
                    "destinationPortRanges": [
                        "445"
                    ],
                    "sourceAddressPrefix": "10.160.192.0/25",
                    "access": "Allow",
                    "priority": 1190,
                    "direction": "Inbound",
                     "destinationApplicationSecurityGroups": [
                        {
                        "id": "[variables('asgId5')]"
                        }
                     ],
                    "sourceApplicationSecurityGroups": ""
                    }
                },
                {
                "name": "Allow_VPN_to_ISV_RDP_TCP",
                "properties": {
                    "description": "Allow_VPN_to_ISV_RDP_TCP",
                    "protocol": "Tcp",
                    "sourcePortRange": "*",
                    "destinationPortRanges": [
                        "3389"
                    ],
                    "sourceAddressPrefixes": [
                        "10.159.240.122/32",
                        "10.159.240.123/32"
                        ],
                    "access": "Allow",
                    "priority": 1200,
                    "direction": "Inbound",
                     "destinationApplicationSecurityGroups": [
                        {
                        "id": "[variables('asgId3')]"
                        }
                     ],
                    "sourceApplicationSecurityGroups": ""
                    }
                },
                {
                "name": "Allow_SQL_CLuster",
                "properties": {
                    "description": "Allow_SQL_Cluster",
                    "protocol": "*",
                    "sourcePortRange": "*",
                    "destinationPortRange": "*",
                    "sourceAddressPrefix": "",
                    "access": "Allow",
                    "priority": 1300,
                    "direction": "Inbound",
                     "destinationApplicationSecurityGroups": [
                        {
                        "id": "[variables('asgId4')]"
                        }
                     ],
                    "sourceApplicationSecurityGroups": [
                        {
                        "id": "[variables('asgId4')]"
                        }
                     ]
                    }
                },
                {
                "name": "Allow_DFS_Replication_T",
                "properties": {
                    "description": "Allow_DFS_Replication_T",
                    "protocol": "*",
                    "sourcePortRange": "*",
                    "destinationPortRanges": [
                        "135",
                        "1024-65535"
                        ],
                    "sourceAddressPrefix": "",
                    "access": "Allow",
                    "priority": 1310,
                    "direction": "Inbound",
                     "destinationApplicationSecurityGroups": [
                        {
                        "id": "[variables('asgId5')]"
                        }
                     ],
                    "sourceApplicationSecurityGroups": [
                        {
                        "id": "[variables('asgId5')]"
                        }
                     ]
                    }
                },
                {
                "name": "Allow_ISV_SQL_TCP",
                "properties": {
                    "description": "Allow_ISV_SQL_TCP",
                    "protocol": "*",
                    "sourcePortRange": "*",
                    "destinationPortRanges": [
                        "445",
                        "1433",
                        "1500",
                        "5022",
                        "59999"
                        ],
                    "sourceAddressPrefix": "",
                    "access": "Allow",
                    "priority": 1320,
                    "direction": "Inbound",
                     "destinationApplicationSecurityGroups": [
                        {
                        "id": "[variables('asgId3')]"
                        }
                     ],
                    "sourceApplicationSecurityGroups": [
                        {
                        "id": "[variables('asgId4')]"
                        }
                     ]
                    }
                },
                {
                "name": "Allow_ISV_ISV_TCP",
                "properties": {
                    "description": "Allow_ISV_ISV_TCP",
                    "protocol": "*",
                    "sourcePortRange": "*",
                    "destinationPortRanges": [
                        "80",
                        "433"
                        ],
                    "sourceAddressPrefix": "",
                    "access": "Allow",
                    "priority": 1330,
                    "direction": "Inbound",
                     "destinationApplicationSecurityGroups": [
                        {
                        "id": "[variables('asgId3')]"
                        }
                     ],
                    "sourceApplicationSecurityGroups": [
                        {
                        "id": "[variables('asgId3')]"
                        }
                     ]
                    }
                },
                {
                "name": "Allow_CCOMGTPRD02-5986_T",
                "properties": {
                    "description": "Allow_CCOMGTPRD02-5986_T",
                    "protocol": "*",
                    "sourcePortRange": "*",
                    "destinationPortRanges": [
                        "5986"
                        ],
                    "sourceAddressPrefix": "10.10.1.33/32",
                    "destinationAddressPrefix": "*",
                    "access": "Allow",
                    "priority": 1500,
                    "direction": "Inbound",
                     "destinationApplicationSecurityGroups": [
                        {
                        "id": ""
                        }
                     ],
                    "sourceApplicationSecurityGroups": [
                        {
                        "id": ""
                        }
                     ]
                    }
                },
                                {
                "name": "Allow_VPN_To_SQL",
                "properties": {
                    "description": "Allow_VPN_To_SQL",
                    "protocol": "*",
                    "sourcePortRange": "*",
                    "destinationPortRanges": [
                        "1433-1434"
                        ],
                    "sourceAddressPrefixes": [
                        "10.159.240.139",
                        "10.159.240.140",
                        "10.159.240.141",
                        "10.159.240.142",
                        "10.159.240.143"
                        ],
                    "destinationAddressPrefix": "*",
                    "access": "Allow",
                    "priority": 2000,
                    "direction": "Inbound",
                     "destinationApplicationSecurityGroups": [
                        {
                        "id": ""
                        }
                     ],
                    "sourceApplicationSecurityGroups": [
                        {
                        "id": ""
                        }
                     ]
                    }
                },
                {
                "name": "Allow_loadbalancer_inbound",
                "properties": {
                    "description": "Allow_loadbalancer_inbound",
                    "protocol": "*",
                    "sourcePortRange": "*",
                    "destinationPortRanges": [
                        "80",
                        "433"
                        ],
                    "sourceAddressPrefix": "AzureLoadBalancer",
                    "destinationAddressPrefix": "*",
                    "access": "Allow",
                    "priority": 4094,
                    "direction": "Inbound",
                     "destinationApplicationSecurityGroups": [
                        {
                        "id": ""
                        }
                     ],
                    "sourceApplicationSecurityGroups": [
                        {
                        "id": ""
                        }
                     ]
                    }
                },
                {
                    "name": "Deny_ALL_Inbound",
                    "properties": {
                        "description": "Deny_ALL_Inbound",
                        "protocol": "*",
                        "sourcePortRange": "*",
                        "destinationPortRange": "*",
                        "sourceAddressPrefix": "*",
                        "destinationAddressPrefix": "*",
                        "access": "Deny",
                        "priority": 4095,
                        "direction": "Inbound"
                        }
                },
                {
                    "name": "Allow_Deployment_server",
                    "properties": {
                        "description": "Allow 80, 443 to the deployment server",
                        "protocol": "Tcp",
                        "sourcePortRange": "*",
                        "destinationAddressPrefix": "109.72.179.252/32",
                        "destinationPortRanges": [
                            "80",
                            "443"
                        ],
                        "sourceAddressPrefix": "*",
                        "access": "Allow",
                        "priority": 501,
                        "direction": "Outbound"
                        }
                },
                {
                    "name": "Deny_ALL_Outbound",
                    "properties": {
                        "description": "Deny_ALL_Outbound",
                        "protocol": "*",
                        "sourcePortRange": "*",
                        "destinationPortRange": "*",
                        "sourceAddressPrefix": "*",
                        "destinationAddressPrefix": "Internet",
                        "access": "Deny",
                        "priority": 4096,
                        "direction": "Outbound"
                    }
                }
                ]
            }   
        }
  ]
  
}

